Filename,ROI,Parameter,Value
All Files,All ROIs,Processing Method,Global
2016-12-16_Animal-002_Tesl_Male_Lumbar_Slide-0002_Section001_CHAT_DAPI_Nissl_Merged_None_Aligned,Whole Image,Scale,Not Defined
2016-12-16_Animal-002_Tesl_Male_Lumbar_Slide-0002_Section001_CHAT_DAPI_Nissl_Merged_None_Aligned,Whole Image,Image Total Width (pixel),2000
2016-12-16_Animal-002_Tesl_Male_Lumbar_Slide-0002_Section001_CHAT_DAPI_Nissl_Merged_None_Aligned,Whole Image,Image Total Height (pixel),2000
2016-12-16_Animal-002_Tesl_Male_Lumbar_Slide-0002_Section001_CHAT_DAPI_Nissl_Merged_None_Aligned,Whole Image,Image Total Area (pixel^2),4000000
2016-12-16_Animal-002_Tesl_Male_Lumbar_Slide-0002_Section001_CHAT_DAPI_Nissl_Merged_None_Aligned,Whole Image,Lower Sample Threshold,57
2016-12-16_Animal-002_Tesl_Male_Lumbar_Slide-0002_Section001_CHAT_DAPI_Nissl_Merged_None_Aligned,Whole Image,Upper Sample Threshold,255
2016-12-16_Animal-002_Tesl_Male_Lumbar_Slide-0002_Section001_CHAT_DAPI_Nissl_Merged_None_Aligned,CHAT,Lower Threshold,179
2016-12-16_Animal-002_Tesl_Male_Lumbar_Slide-0002_Section001_CHAT_DAPI_Nissl_Merged_None_Aligned,CHAT,Upper Threshold,255
2016-12-16_Animal-002_Tesl_Male_Lumbar_Slide-0002_Section001_CHAT_DAPI_Nissl_Merged_None_Aligned,CHAT,Min Particle Diameter (pixels),3
2016-12-16_Animal-002_Tesl_Male_Lumbar_Slide-0002_Section001_CHAT_DAPI_Nissl_Merged_None_Aligned,CHAT,Max Particle Diameter (pixels),33
2016-12-16_Animal-002_Tesl_Male_Lumbar_Slide-0002_Section001_CHAT_DAPI_Nissl_Merged_None_Aligned,CHAT,Min Particle Area (pixels^2),28.2743
2016-12-16_Animal-002_Tesl_Male_Lumbar_Slide-0002_Section001_CHAT_DAPI_Nissl_Merged_None_Aligned,CHAT,Max Particle Area (pixels^2),3421.1944
2016-12-16_Animal-002_Tesl_Male_Lumbar_Slide-0002_Section001_CHAT_DAPI_Nissl_Merged_None_Aligned,CHAT,Min Particle Circularity (0-100),10
2016-12-16_Animal-002_Tesl_Male_Lumbar_Slide-0002_Section001_CHAT_DAPI_Nissl_Merged_None_Aligned,CHAT,Max Particle Circularity (0-100),100
2016-12-16_Animal-002_Tesl_Male_Lumbar_Slide-0002_Section001_CHAT_DAPI_Nissl_Merged_None_Aligned,CHAT,Remove Noise Option,0
2016-12-16_Animal-002_Tesl_Male_Lumbar_Slide-0002_Section001_CHAT_DAPI_Nissl_Merged_None_Aligned,CHAT,Watershed Option,1
2016-12-16_Animal-002_Tesl_Male_Lumbar_Slide-0002_Section001_CHAT_DAPI_Nissl_Merged_None_Aligned,DAPI,Lower Threshold,108
2016-12-16_Animal-002_Tesl_Male_Lumbar_Slide-0002_Section001_CHAT_DAPI_Nissl_Merged_None_Aligned,DAPI,Upper Threshold,255
2016-12-16_Animal-002_Tesl_Male_Lumbar_Slide-0002_Section001_CHAT_DAPI_Nissl_Merged_None_Aligned,DAPI,Min Particle Diameter (pixels),1
2016-12-16_Animal-002_Tesl_Male_Lumbar_Slide-0002_Section001_CHAT_DAPI_Nissl_Merged_None_Aligned,DAPI,Max Particle Diameter (pixels),22
2016-12-16_Animal-002_Tesl_Male_Lumbar_Slide-0002_Section001_CHAT_DAPI_Nissl_Merged_None_Aligned,DAPI,Min Particle Area (pixels^2),3.1416
2016-12-16_Animal-002_Tesl_Male_Lumbar_Slide-0002_Section001_CHAT_DAPI_Nissl_Merged_None_Aligned,DAPI,Max Particle Area (pixels^2),1520.5308
2016-12-16_Animal-002_Tesl_Male_Lumbar_Slide-0002_Section001_CHAT_DAPI_Nissl_Merged_None_Aligned,DAPI,Min Particle Circularity (0-100),0
2016-12-16_Animal-002_Tesl_Male_Lumbar_Slide-0002_Section001_CHAT_DAPI_Nissl_Merged_None_Aligned,DAPI,Max Particle Circularity (0-100),100
2016-12-16_Animal-002_Tesl_Male_Lumbar_Slide-0002_Section001_CHAT_DAPI_Nissl_Merged_None_Aligned,DAPI,Remove Noise Option,0
2016-12-16_Animal-002_Tesl_Male_Lumbar_Slide-0002_Section001_CHAT_DAPI_Nissl_Merged_None_Aligned,DAPI,Watershed Option,1
2016-12-16_Animal-002_Tesl_Male_Lumbar_Slide-0002_Section001_CHAT_DAPI_Nissl_Merged_None_Aligned,NISSL,Lower Threshold,129
2016-12-16_Animal-002_Tesl_Male_Lumbar_Slide-0002_Section001_CHAT_DAPI_Nissl_Merged_None_Aligned,NISSL,Upper Threshold,255
2016-12-16_Animal-002_Tesl_Male_Lumbar_Slide-0002_Section001_CHAT_DAPI_Nissl_Merged_None_Aligned,NISSL,Min Particle Diameter (pixels),1
2016-12-16_Animal-002_Tesl_Male_Lumbar_Slide-0002_Section001_CHAT_DAPI_Nissl_Merged_None_Aligned,NISSL,Max Particle Diameter (pixels),23
2016-12-16_Animal-002_Tesl_Male_Lumbar_Slide-0002_Section001_CHAT_DAPI_Nissl_Merged_None_Aligned,NISSL,Min Particle Area (pixels^2),3.1416
2016-12-16_Animal-002_Tesl_Male_Lumbar_Slide-0002_Section001_CHAT_DAPI_Nissl_Merged_None_Aligned,NISSL,Max Particle Area (pixels^2),1661.9025
2016-12-16_Animal-002_Tesl_Male_Lumbar_Slide-0002_Section001_CHAT_DAPI_Nissl_Merged_None_Aligned,NISSL,Min Particle Circularity (0-100),0
2016-12-16_Animal-002_Tesl_Male_Lumbar_Slide-0002_Section001_CHAT_DAPI_Nissl_Merged_None_Aligned,NISSL,Max Particle Circularity (0-100),100
2016-12-16_Animal-002_Tesl_Male_Lumbar_Slide-0002_Section001_CHAT_DAPI_Nissl_Merged_None_Aligned,NISSL,Remove Noise Option,0
2016-12-16_Animal-002_Tesl_Male_Lumbar_Slide-0002_Section001_CHAT_DAPI_Nissl_Merged_None_Aligned,NISSL,Watershed Option,1
2016-12-16_Animal-002_Tesl_Male_Lumbar_Slide-0002_Section001_CHAT_DAPI_Nissl_Merged_None_Aligned,CHATxDAPI,Min Particle Diameter (pixels),1
2016-12-16_Animal-002_Tesl_Male_Lumbar_Slide-0002_Section001_CHAT_DAPI_Nissl_Merged_None_Aligned,CHATxDAPI,Max Particle Diameter (pixels),33
2016-12-16_Animal-002_Tesl_Male_Lumbar_Slide-0002_Section001_CHAT_DAPI_Nissl_Merged_None_Aligned,CHATxDAPI,Min Particle Area (pixels^2),3.1416
2016-12-16_Animal-002_Tesl_Male_Lumbar_Slide-0002_Section001_CHAT_DAPI_Nissl_Merged_None_Aligned,CHATxDAPI,Max Particle Area (pixels^2),3421.1944
2016-12-16_Animal-002_Tesl_Male_Lumbar_Slide-0002_Section001_CHAT_DAPI_Nissl_Merged_None_Aligned,CHATxDAPI,Min Particle Circularity (0-100),0
2016-12-16_Animal-002_Tesl_Male_Lumbar_Slide-0002_Section001_CHAT_DAPI_Nissl_Merged_None_Aligned,CHATxDAPI,Max Particle Circularity (0-100),100
2016-12-16_Animal-002_Tesl_Male_Lumbar_Slide-0002_Section001_CHAT_DAPI_Nissl_Merged_None_Aligned,CHATxNISSL,Min Particle Diameter (pixels),1
2016-12-16_Animal-002_Tesl_Male_Lumbar_Slide-0002_Section001_CHAT_DAPI_Nissl_Merged_None_Aligned,CHATxNISSL,Max Particle Diameter (pixels),33
2016-12-16_Animal-002_Tesl_Male_Lumbar_Slide-0002_Section001_CHAT_DAPI_Nissl_Merged_None_Aligned,CHATxNISSL,Min Particle Area (pixels^2),3.1416
2016-12-16_Animal-002_Tesl_Male_Lumbar_Slide-0002_Section001_CHAT_DAPI_Nissl_Merged_None_Aligned,CHATxNISSL,Max Particle Area (pixels^2),3421.1944
2016-12-16_Animal-002_Tesl_Male_Lumbar_Slide-0002_Section001_CHAT_DAPI_Nissl_Merged_None_Aligned,CHATxNISSL,Min Particle Circularity (0-100),0
2016-12-16_Animal-002_Tesl_Male_Lumbar_Slide-0002_Section001_CHAT_DAPI_Nissl_Merged_None_Aligned,CHATxNISSL,Max Particle Circularity (0-100),100
2016-12-16_Animal-002_Tesl_Male_Lumbar_Slide-0002_Section001_CHAT_DAPI_Nissl_Merged_None_Aligned,DAPIxNISSL,Min Particle Diameter (pixels),1
2016-12-16_Animal-002_Tesl_Male_Lumbar_Slide-0002_Section001_CHAT_DAPI_Nissl_Merged_None_Aligned,DAPIxNISSL,Max Particle Diameter (pixels),23
2016-12-16_Animal-002_Tesl_Male_Lumbar_Slide-0002_Section001_CHAT_DAPI_Nissl_Merged_None_Aligned,DAPIxNISSL,Min Particle Area (pixels^2),3.1416
2016-12-16_Animal-002_Tesl_Male_Lumbar_Slide-0002_Section001_CHAT_DAPI_Nissl_Merged_None_Aligned,DAPIxNISSL,Max Particle Area (pixels^2),1661.9025
2016-12-16_Animal-002_Tesl_Male_Lumbar_Slide-0002_Section001_CHAT_DAPI_Nissl_Merged_None_Aligned,DAPIxNISSL,Min Particle Circularity (0-100),0
2016-12-16_Animal-002_Tesl_Male_Lumbar_Slide-0002_Section001_CHAT_DAPI_Nissl_Merged_None_Aligned,DAPIxNISSL,Max Particle Circularity (0-100),100
2016-12-16_Animal-002_Tesl_Male_Lumbar_Slide-0002_Section001_CHAT_DAPI_Nissl_Merged_None_Aligned,CHATxDAPIxNISSL,Min Particle Diameter (pixels),1
2016-12-16_Animal-002_Tesl_Male_Lumbar_Slide-0002_Section001_CHAT_DAPI_Nissl_Merged_None_Aligned,CHATxDAPIxNISSL,Max Particle Diameter (pixels),33
2016-12-16_Animal-002_Tesl_Male_Lumbar_Slide-0002_Section001_CHAT_DAPI_Nissl_Merged_None_Aligned,CHATxDAPIxNISSL,Min Particle Area (pixels^2),3.1416
2016-12-16_Animal-002_Tesl_Male_Lumbar_Slide-0002_Section001_CHAT_DAPI_Nissl_Merged_None_Aligned,CHATxDAPIxNISSL,Max Particle Area (pixels^2),3421.1944
2016-12-16_Animal-002_Tesl_Male_Lumbar_Slide-0002_Section001_CHAT_DAPI_Nissl_Merged_None_Aligned,CHATxDAPIxNISSL,Min Particle Circularity (0-100),0
2016-12-16_Animal-002_Tesl_Male_Lumbar_Slide-0002_Section001_CHAT_DAPI_Nissl_Merged_None_Aligned,CHATxDAPIxNISSL,Max Particle Circularity (0-100),100
