Slice,Count,Total Area,Average Size,%Area,Mean,Mode,Perim.,Major,Minor,Angle,Circ.,Solidity,Feret,FeretX,FeretY,FeretAngle,MinFeret,IntDen,Median,Skew,Kurt
Red,3,705,235.000000000,0.017625000,255,255,197.468730927,24.457227071,10.068298578,113.768214226,0.133756224,0.361716350,38.740085602,998.000000000,929.333333333,112.179846128,20.941177368,59925.000000000,255,NaN,NaN
Green,0,0,NaN,0.000000000,NaN,NaN,NaN,NaN,NaN,NaN,NaN,NaN,NaN,NaN,NaN,NaN,NaN,NaN,NaN,NaN,NaN
Blue,660,6803,10.307575758,0.170075000,255,255,15.362667316,4.832486288,2.322538838,78.168212872,0.671301934,0.723745474,5.980866286,995.287878788,999.154545455,103.628760063,3.088041820,2628.431818182,255,NaN,NaN
RedxGreen,0,0,NaN,0.000000000,NaN,NaN,NaN,NaN,NaN,NaN,NaN,NaN,NaN,NaN,NaN,NaN,NaN,NaN,NaN,NaN,NaN
RedxBlue,8,54,6.750000000,0.001350000,255,255,13.917262018,4.211248755,2.048637360,95.440670013,0.485995777,0.580181025,5.439466178,980.875000000,931.625000000,115.846394062,3.057241380,1721.250000000,255,NaN,NaN
GreenxBlue,0,0,NaN,0.000000000,NaN,NaN,NaN,NaN,NaN,NaN,NaN,NaN,NaN,NaN,NaN,NaN,NaN,NaN,NaN,NaN,NaN
RedxGreenxBlue,0,0,NaN,0.000000000,NaN,NaN,NaN,NaN,NaN,NaN,NaN,NaN,NaN,NaN,NaN,NaN,NaN,NaN,NaN,NaN,NaN
