Filename,ROI,Parameter,Value
All Files,All ROIs,Processing Method,Individual
2016-12-16_Animal-001_Control_Male_Lumbar_Slide-0002_Section001_Red-Green-Blue,Whole Image,Scale,Not Defined
2016-12-16_Animal-001_Control_Male_Lumbar_Slide-0002_Section001_Red-Green-Blue,Whole Image,Image Total Width (pixel),2000
2016-12-16_Animal-001_Control_Male_Lumbar_Slide-0002_Section001_Red-Green-Blue,Whole Image,Image Total Height (pixel),2000
2016-12-16_Animal-001_Control_Male_Lumbar_Slide-0002_Section001_Red-Green-Blue,Whole Image,Image Total Area (pixel^2),4000000
2016-12-16_Animal-001_Control_Male_Lumbar_Slide-0002_Section001_Red-Green-Blue,Whole Image,Lower Sample Threshold,39
2016-12-16_Animal-001_Control_Male_Lumbar_Slide-0002_Section001_Red-Green-Blue,Whole Image,Upper Sample Threshold,255
2016-12-16_Animal-001_Control_Male_Lumbar_Slide-0002_Section001_Red-Green-Blue,Red,Lower Threshold,147
2016-12-16_Animal-001_Control_Male_Lumbar_Slide-0002_Section001_Red-Green-Blue,Red,Upper Threshold,255
2016-12-16_Animal-001_Control_Male_Lumbar_Slide-0002_Section001_Red-Green-Blue,Red,Min Particle Diameter (pixels),2
2016-12-16_Animal-001_Control_Male_Lumbar_Slide-0002_Section001_Red-Green-Blue,Red,Max Particle Diameter (pixels),20
2016-12-16_Animal-001_Control_Male_Lumbar_Slide-0002_Section001_Red-Green-Blue,Red,Min Particle Area (pixels^2),12.5664
2016-12-16_Animal-001_Control_Male_Lumbar_Slide-0002_Section001_Red-Green-Blue,Red,Max Particle Area (pixels^2),1256.6371
2016-12-16_Animal-001_Control_Male_Lumbar_Slide-0002_Section001_Red-Green-Blue,Red,Min Particle Circularity (0-100),0
2016-12-16_Animal-001_Control_Male_Lumbar_Slide-0002_Section001_Red-Green-Blue,Red,Max Particle Circularity (0-100),100
2016-12-16_Animal-001_Control_Male_Lumbar_Slide-0002_Section001_Red-Green-Blue,Red,Remove Noise Option,0
2016-12-16_Animal-001_Control_Male_Lumbar_Slide-0002_Section001_Red-Green-Blue,Red,Watershed Option,0
2016-12-16_Animal-001_Control_Male_Lumbar_Slide-0002_Section001_Red-Green-Blue,Green,Lower Threshold,81
2016-12-16_Animal-001_Control_Male_Lumbar_Slide-0002_Section001_Red-Green-Blue,Green,Upper Threshold,255
2016-12-16_Animal-001_Control_Male_Lumbar_Slide-0002_Section001_Red-Green-Blue,Green,Min Particle Diameter (pixels),1
2016-12-16_Animal-001_Control_Male_Lumbar_Slide-0002_Section001_Red-Green-Blue,Green,Max Particle Diameter (pixels),1
2016-12-16_Animal-001_Control_Male_Lumbar_Slide-0002_Section001_Red-Green-Blue,Green,Min Particle Area (pixels^2),3.1416
2016-12-16_Animal-001_Control_Male_Lumbar_Slide-0002_Section001_Red-Green-Blue,Green,Max Particle Area (pixels^2),3.1416
2016-12-16_Animal-001_Control_Male_Lumbar_Slide-0002_Section001_Red-Green-Blue,Green,Min Particle Circularity (0-100),0
2016-12-16_Animal-001_Control_Male_Lumbar_Slide-0002_Section001_Red-Green-Blue,Green,Max Particle Circularity (0-100),100
2016-12-16_Animal-001_Control_Male_Lumbar_Slide-0002_Section001_Red-Green-Blue,Green,Remove Noise Option,0
2016-12-16_Animal-001_Control_Male_Lumbar_Slide-0002_Section001_Red-Green-Blue,Green,Watershed Option,0
2016-12-16_Animal-001_Control_Male_Lumbar_Slide-0002_Section001_Red-Green-Blue,Blue,Lower Threshold,89
2016-12-16_Animal-001_Control_Male_Lumbar_Slide-0002_Section001_Red-Green-Blue,Blue,Upper Threshold,255
2016-12-16_Animal-001_Control_Male_Lumbar_Slide-0002_Section001_Red-Green-Blue,Blue,Min Particle Diameter (pixels),1
2016-12-16_Animal-001_Control_Male_Lumbar_Slide-0002_Section001_Red-Green-Blue,Blue,Max Particle Diameter (pixels),10
2016-12-16_Animal-001_Control_Male_Lumbar_Slide-0002_Section001_Red-Green-Blue,Blue,Min Particle Area (pixels^2),3.1416
2016-12-16_Animal-001_Control_Male_Lumbar_Slide-0002_Section001_Red-Green-Blue,Blue,Max Particle Area (pixels^2),314.1593
2016-12-16_Animal-001_Control_Male_Lumbar_Slide-0002_Section001_Red-Green-Blue,Blue,Min Particle Circularity (0-100),0
2016-12-16_Animal-001_Control_Male_Lumbar_Slide-0002_Section001_Red-Green-Blue,Blue,Max Particle Circularity (0-100),100
2016-12-16_Animal-001_Control_Male_Lumbar_Slide-0002_Section001_Red-Green-Blue,Blue,Remove Noise Option,0
2016-12-16_Animal-001_Control_Male_Lumbar_Slide-0002_Section001_Red-Green-Blue,Blue,Watershed Option,0
2016-12-16_Animal-001_Control_Male_Lumbar_Slide-0002_Section001_Red-Green-Blue,RedxGreen,Min Particle Diameter (pixels),1
2016-12-16_Animal-001_Control_Male_Lumbar_Slide-0002_Section001_Red-Green-Blue,RedxGreen,Max Particle Diameter (pixels),20
2016-12-16_Animal-001_Control_Male_Lumbar_Slide-0002_Section001_Red-Green-Blue,RedxGreen,Min Particle Area (pixels^2),3.1416
2016-12-16_Animal-001_Control_Male_Lumbar_Slide-0002_Section001_Red-Green-Blue,RedxGreen,Max Particle Area (pixels^2),1256.6371
2016-12-16_Animal-001_Control_Male_Lumbar_Slide-0002_Section001_Red-Green-Blue,RedxGreen,Min Particle Circularity (0-100),0
2016-12-16_Animal-001_Control_Male_Lumbar_Slide-0002_Section001_Red-Green-Blue,RedxGreen,Max Particle Circularity (0-100),100
2016-12-16_Animal-001_Control_Male_Lumbar_Slide-0002_Section001_Red-Green-Blue,RedxBlue,Min Particle Diameter (pixels),1
2016-12-16_Animal-001_Control_Male_Lumbar_Slide-0002_Section001_Red-Green-Blue,RedxBlue,Max Particle Diameter (pixels),20
2016-12-16_Animal-001_Control_Male_Lumbar_Slide-0002_Section001_Red-Green-Blue,RedxBlue,Min Particle Area (pixels^2),3.1416
2016-12-16_Animal-001_Control_Male_Lumbar_Slide-0002_Section001_Red-Green-Blue,RedxBlue,Max Particle Area (pixels^2),1256.6371
2016-12-16_Animal-001_Control_Male_Lumbar_Slide-0002_Section001_Red-Green-Blue,RedxBlue,Min Particle Circularity (0-100),0
2016-12-16_Animal-001_Control_Male_Lumbar_Slide-0002_Section001_Red-Green-Blue,RedxBlue,Max Particle Circularity (0-100),100
2016-12-16_Animal-001_Control_Male_Lumbar_Slide-0002_Section001_Red-Green-Blue,GreenxBlue,Min Particle Diameter (pixels),1
2016-12-16_Animal-001_Control_Male_Lumbar_Slide-0002_Section001_Red-Green-Blue,GreenxBlue,Max Particle Diameter (pixels),10
2016-12-16_Animal-001_Control_Male_Lumbar_Slide-0002_Section001_Red-Green-Blue,GreenxBlue,Min Particle Area (pixels^2),3.1416
2016-12-16_Animal-001_Control_Male_Lumbar_Slide-0002_Section001_Red-Green-Blue,GreenxBlue,Max Particle Area (pixels^2),314.1593
2016-12-16_Animal-001_Control_Male_Lumbar_Slide-0002_Section001_Red-Green-Blue,GreenxBlue,Min Particle Circularity (0-100),0
2016-12-16_Animal-001_Control_Male_Lumbar_Slide-0002_Section001_Red-Green-Blue,GreenxBlue,Max Particle Circularity (0-100),100
2016-12-16_Animal-001_Control_Male_Lumbar_Slide-0002_Section001_Red-Green-Blue,RedxGreenxBlue,Min Particle Diameter (pixels),1
2016-12-16_Animal-001_Control_Male_Lumbar_Slide-0002_Section001_Red-Green-Blue,RedxGreenxBlue,Max Particle Diameter (pixels),20
2016-12-16_Animal-001_Control_Male_Lumbar_Slide-0002_Section001_Red-Green-Blue,RedxGreenxBlue,Min Particle Area (pixels^2),3.1416
2016-12-16_Animal-001_Control_Male_Lumbar_Slide-0002_Section001_Red-Green-Blue,RedxGreenxBlue,Max Particle Area (pixels^2),1256.6371
2016-12-16_Animal-001_Control_Male_Lumbar_Slide-0002_Section001_Red-Green-Blue,RedxGreenxBlue,Min Particle Circularity (0-100),0
2016-12-16_Animal-001_Control_Male_Lumbar_Slide-0002_Section001_Red-Green-Blue,RedxGreenxBlue,Max Particle Circularity (0-100),100
